{"train_loss": 0.031465, "val_acc": 0.9328, "val_loss": 0.258633, "time": 1193.4366083145142}