{"train_loss": 0.152067, "val_acc": 0.916, "val_loss": 0.260238, "time": 600.696498632431}